[
   {
      "type":"constructor",
      "stateMutability":"nonpayable",
      "inputs":[
         {
            "type":"address",
            "name":"_feeToSetter",
            "internalType":"address"
         }
      ]
   },
   {
      "type":"event",
      "name":"PairCreated",
      "inputs":[
         {
            "type":"address",
            "name":"token0",
            "internalType":"address",
            "indexed":true
         },
         {
            "type":"address",
            "name":"token1",
            "internalType":"address",
            "indexed":true
         },
         {
            "type":"address",
            "name":"pair",
            "internalType":"address",
            "indexed":false
         },
         {
            "type":"uint256",
            "name":"",
            "internalType":"uint256",
            "indexed":false
         }
      ],
      "anonymous":false
   },
   {
      "type":"function",
      "stateMutability":"view",
      "outputs":[
         {
            "type":"bytes32",
            "name":"",
            "internalType":"bytes32"
         }
      ],
      "name":"INIT_CODE_PAIR_HASH",
      "inputs":[
         
      ]
   },
   {
      "type":"function",
      "stateMutability":"view",
      "outputs":[
         {
            "type":"address",
            "name":"",
            "internalType":"address"
         }
      ],
      "name":"allPairs",
      "inputs":[
         {
            "type":"uint256",
            "name":"",
            "internalType":"uint256"
         }
      ]
   },
   {
      "type":"function",
      "stateMutability":"view",
      "outputs":[
         {
            "type":"uint256",
            "name":"",
            "internalType":"uint256"
         }
      ],
      "name":"allPairsLength",
      "inputs":[
         
      ]
   },
   {
      "type":"function",
      "stateMutability":"nonpayable",
      "outputs":[
         {
            "type":"address",
            "name":"pair",
            "internalType":"address"
         }
      ],
      "name":"createPair",
      "inputs":[
         {
            "type":"address",
            "name":"tokenA",
            "internalType":"address"
         },
         {
            "type":"address",
            "name":"tokenB",
            "internalType":"address"
         }
      ]
   },
   {
      "type":"function",
      "stateMutability":"view",
      "outputs":[
         {
            "type":"address",
            "name":"",
            "internalType":"address"
         }
      ],
      "name":"feeTo",
      "inputs":[
         
      ]
   },
   {
      "type":"function",
      "stateMutability":"view",
      "outputs":[
         {
            "type":"address",
            "name":"",
            "internalType":"address"
         }
      ],
      "name":"feeToSetter",
      "inputs":[
         
      ]
   },
   {
      "type":"function",
      "stateMutability":"view",
      "outputs":[
         {
            "type":"address",
            "name":"",
            "internalType":"address"
         }
      ],
      "name":"getPair",
      "inputs":[
         {
            "type":"address",
            "name":"",
            "internalType":"address"
         },
         {
            "type":"address",
            "name":"",
            "internalType":"address"
         }
      ]
   },
   {
      "type":"function",
      "stateMutability":"pure",
      "outputs":[
         {
            "type":"bytes32",
            "name":"",
            "internalType":"bytes32"
         }
      ],
      "name":"pairCodeHash",
      "inputs":[
         
      ]
   },
   {
      "type":"function",
      "stateMutability":"nonpayable",
      "outputs":[
         
      ],
      "name":"setFeeTo",
      "inputs":[
         {
            "type":"address",
            "name":"_feeTo",
            "internalType":"address"
         }
      ]
   },
   {
      "type":"function",
      "stateMutability":"nonpayable",
      "outputs":[
         
      ],
      "name":"setFeeToSetter",
      "inputs":[
         {
            "type":"address",
            "name":"_feeToSetter",
            "internalType":"address"
         }
      ]
   }
]