[
   {
      "inputs":[
         {
            "internalType":"address",
            "name":"baseToken",
            "type":"address"
         },
         {
            "internalType":"address",
            "name":"token",
            "type":"address"
         }
      ],
      "name":"buy",
      "outputs":[
         {
            "internalType":"uint256",
            "name":"",
            "type":"uint256"
         },
         {
            "internalType":"uint256",
            "name":"",
            "type":"uint256"
         },
         {
            "internalType":"uint256",
            "name":"",
            "type":"uint256"
         },
         {
            "internalType":"uint256",
            "name":"",
            "type":"uint256"
         },
         {
            "internalType":"uint256",
            "name":"",
            "type":"uint256"
         },
         {
            "internalType":"uint256",
            "name":"",
            "type":"uint256"
         }
      ],
      "stateMutability":"payable",
      "type":"function"
   },
   {
      "stateMutability":"payable",
      "type":"receive"
   }
]